"d05","d06","d07","d08","d09","d095","d099","d0995"
0.205654936240295,0.275924537237992,0.369128488921315,0.504948870679003,0.746582132789153,0.995631627661556,1.5758,1.8175472703619
0.121686005974393,0.164557023741012,0.222366229637806,0.308398495456771,0.466198784050323,0.63428304249759,1.0415,1.21565797821591
0.0873135453409149,0.118653928272285,0.161365151247216,0.225820505047704,0.346543467852319,0.478101147829155,0.806133333333333,0.9492672835169
0.0682959084609027,0.0931290770919588,0.127226821399158,0.179215258226664,0.278114414517659,0.387812449677676,0.667725,0.791888884250814
0.0561584205618356,0.0767706147559077,0.105235760715326,0.148984737204856,0.233243275658699,0.328058005114949,0.57472,0.685667303580971
0.0477155655944682,0.06535637354153,0.0898295423339445,0.127683208295201,0.201331677697387,0.285225377649948,0.50715,0.608182542498549
0.0414950462251157,0.0569255154225454,0.0784103964108467,0.111819370789114,0.177381189037873,0.252848178130026,0.455442857142857,0.548674456098979
0.0367182873800644,0.0504383286796856,0.0695972796403231,0.0995245905935438,0.1586909986814,0.227419293651616,0.4143625,0.501267997183143
0.0329338911708641,0.0452855729145335,0.0625844023021921,0.0897035936973666,0.143669301385139,0.20686610215843,0.380833333333333,0.462416407927949
0.0298582909423832,0.0410953793327182,0.0568663816620447,0.0816723828781798,0.131316742116152,0.189877948377372,0.35285,0.429920922961421
0.0284186922465655,0.0391241735532522,0.0541595367828542,0.0778336131778071,0.125307623992417,0.18146563703922,0.338509,0.413081882074244
0.0269790935507478,0.0371529677737863,0.0514526919036636,0.0739948434774343,0.119298505868682,0.173053325701068,0.324168,0.396242841187068
0.0255394948549301,0.0351817619943203,0.0487458470244731,0.0701560737770615,0.113289387744947,0.164641014362916,0.309827,0.379403800299891
0.0240998961591124,0.0332105562148543,0.0460390021452826,0.0663173040766888,0.107280269621212,0.156228703024764,0.295486,0.362564759412715
0.0226602974632947,0.0312393504353884,0.043332157266092,0.062478534376316,0.101271151497477,0.147816391686612,0.281145,0.345725718525539
0.021220698767477,0.0292681446559224,0.0406253123869015,0.0586397646759432,0.0952620333737424,0.13940408034846,0.266804,0.328886677638362
0.0197811000716593,0.0272969388764565,0.037918467507711,0.0548009949755705,0.0892529152500074,0.130991769010308,0.252463,0.312047636751186
0.0183415013758416,0.0253257330969905,0.0352116226285204,0.0509622252751977,0.0832437971262724,0.122579457672156,0.238122,0.295208595864009
0.0169019026800239,0.0233545273175245,0.0325047777493299,0.047123455574825,0.0772346790025375,0.114167146334004,0.223781,0.278369554976833
0.0154623039842062,0.0213833215380586,0.0297979328701394,0.0432846858744522,0.0712255608788025,0.105754834995853,0.20944,0.261530514089656
0.0149598574757211,0.0206913624813861,0.0288395401106292,0.0419073052681119,0.0690126516768443,0.102570748731492,0.203691666666667,0.254651307917753
0.014457410967236,0.0199994034247136,0.0278811473511191,0.0405299246617717,0.0667997424748862,0.0993866624671316,0.197943333333333,0.247772101745849
0.0139549644587509,0.019307444368041,0.0269227545916089,0.0391525440554314,0.064586833272928,0.0962025762027712,0.192195,0.240892895573946
0.0134525179502658,0.0186154853113685,0.0259643618320988,0.0377751634490912,0.0623739240709699,0.0930184899384107,0.186446666666667,0.234013689402042
0.0129500714417806,0.017923526254696,0.0250059690725886,0.036397782842751,0.0601610148690117,0.0898344036740503,0.180698333333333,0.227134483230139
0.0124476249332955,0.0172315671980235,0.0240475763130785,0.0350204022364107,0.0579481056670535,0.0866503174096898,0.17495,0.220255277058235
0.0119451784248104,0.016539608141351,0.0230891835535683,0.0336430216300705,0.0557351964650954,0.0834662311453294,0.169201666666667,0.213376070886332
0.0114427319163253,0.0158476490846785,0.0221307907940582,0.0322656410237302,0.0535222872631372,0.0802821448809689,0.163453333333333,0.206496864714428
0.0109402854078401,0.015155690028006,0.021172398034548,0.03088826041739,0.051309378061179,0.0770980586166085,0.157705,0.199617658542525
0.010437838899355,0.0144637309713335,0.0202140052750379,0.0295108798110497,0.0490964688592209,0.073913972352248,0.151956666666667,0.192738452370621
0.0101819840956957,0.0141103200904958,0.0197225764248319,0.0287997729264052,0.0479379157337905,0.0722192936999006,0.148779,0.188884131157503
0.00992612929203636,0.0137569092096582,0.0192311475746258,0.0280886660417606,0.0467793626083602,0.0705246150475531,0.145601333333333,0.185029809944386
0.00967027448837703,0.0134034983288205,0.0187397187244198,0.0273775591571161,0.0456208094829298,0.0688299363952056,0.142423666666667,0.181175488731268
0.00941441968471769,0.0130500874479829,0.0182482898742138,0.0266664522724715,0.0444622563574995,0.0671352577428582,0.139246,0.17732116751815
0.00915856488105836,0.0126966765671452,0.0177568610240078,0.0259553453878269,0.0433037032320691,0.0654405790905107,0.136068333333333,0.173466846305033
0.00890271007739903,0.0123432656863076,0.0172654321738017,0.0252442385031824,0.0421451501066387,0.0637459004381632,0.132890666666667,0.169612525091915
0.0086468552737397,0.0119898548054699,0.0167740033235957,0.0245331316185378,0.0409865969812084,0.0620512217858158,0.129713,0.165758203878797
0.00839100047008036,0.0116364439246323,0.0162825744733897,0.0238220247338933,0.039828043855778,0.0603565431334683,0.126535333333333,0.16190388266568
0.00813514566642103,0.0112830330437946,0.0157911456231837,0.0231109178492487,0.0386694907303477,0.0586618644811208,0.123357666666667,0.158049561452562
0.0078792908627617,0.010929622162957,0.0152997167729776,0.0223998109646041,0.0375109376049173,0.0569671858287734,0.12018,0.154195240239444
0.00772419406137624,0.0107150774351028,0.0150006237417427,0.0219652311531771,0.0367964525903789,0.0559103977419272,0.1181416,0.151695688478628
0.00756909725999078,0.0105005327072487,0.0147015307105077,0.02153065134175,0.0360819675758404,0.054853609655081,0.1161032,0.149196136717812
0.00741400045860533,0.0102859879793946,0.0144024376792727,0.0210960715303229,0.035367482561302,0.0537968215682348,0.1140648,0.146696584956995
0.00725890365721987,0.0100714432515405,0.0141033446480377,0.0206614917188958,0.0346529975467635,0.0527400334813887,0.1120264,0.144197033196179
0.00710380685583441,0.00985689852368634,0.0138042516168027,0.0202269119074687,0.0339385125322251,0.0516832453945425,0.109988,0.141697481435363
0.00694871005444896,0.00964235379583222,0.0135051585855677,0.0197923320960416,0.0332240275176867,0.0506264573076963,0.1079496,0.139197929674546
0.0067936132530635,0.0094278090679781,0.0132060655543327,0.0193577522846146,0.0325095425031482,0.0495696692208501,0.1059112,0.13669837791373
0.00663851645167804,0.00921326434012397,0.0129069725230977,0.0189231724731875,0.0317950574886098,0.048512881134004,0.1038728,0.134198826152914
0.00648341965029258,0.00899871961226985,0.0126078794918627,0.0184885926617604,0.0310805724740713,0.0474560930471578,0.1018344,0.131699274392097
0.00632832284890713,0.00878417488441573,0.0123087864606278,0.0180540128503333,0.0303660874595329,0.0463993049603116,0.0997959999999999,0.129199722631281
0.00622424144476167,0.00864003826866525,0.0121075653646128,0.0177608270706835,0.0298809624436865,0.0456756984556728,0.0983685666666666,0.12743412413911
0.00612016004061622,0.00849590165291478,0.0119063442685977,0.0174676412910336,0.02939583742784,0.044952091951034,0.0969411333333333,0.12566852564694
0.00601607863647077,0.0083517650371643,0.0117051231725827,0.0171744555113838,0.0289107124119936,0.0442284854463953,0.0955137,0.123902927154769
0.00591199723232532,0.00820762842141383,0.0115039020765677,0.0168812697317339,0.0284255873961472,0.0435048789417565,0.0940862666666666,0.122137328662598
0.00580791582817987,0.00806349180566335,0.0113026809805527,0.0165880839520841,0.0279404623803007,0.0427812724371177,0.0926588333333333,0.120371730170428
0.00570383442403441,0.00791935518991288,0.0111014598845377,0.0162948981724342,0.0274553373644543,0.0420576659324789,0.0912313999999999,0.118606131678257
0.00559975301988896,0.0077752185741624,0.0109002387885227,0.0160017123927844,0.0269702123486079,0.0413340594278401,0.0898039666666666,0.116840533186086
0.00549567161574351,0.00763108195841193,0.0106990176925077,0.0157085266131345,0.0264850873327614,0.0406104529232014,0.0883765333333333,0.115074934693915
0.00539159021159806,0.00748694534266145,0.0104977965964927,0.0154153408334847,0.025999962316915,0.0398868464185626,0.0869490999999999,0.113309336201745
0.00528750880745261,0.00734280872691098,0.0102965755004777,0.0151221550538348,0.0255148373010686,0.0391632399139238,0.0855216666666666,0.111543737709574
0.00521284169853446,0.00723933448433075,0.0101519332752521,0.0149109477854172,0.025163711542302,0.0386361560998561,0.0844625,0.11022360302085
0.0051381745896163,0.00713586024175053,0.0100072910500265,0.0146997405169996,0.0248125857835355,0.0381090722857884,0.0834033333333333,0.108903468332126
0.00506350748069815,0.00703238599917031,0.00986264882480084,0.014488533248582,0.0244614600247689,0.0375819884717207,0.0823441666666666,0.107583333643402
0.00498884037178,0.00692891175659008,0.00971800659957523,0.0142773259801644,0.0241103342660024,0.037054904657653,0.081285,0.106263198954679
0.00491417326286185,0.00682543751400986,0.00957336437434962,0.0140661187117468,0.0237592085072358,0.0365278208435853,0.0802258333333333,0.104943064265955
0.0048395061539437,0.00672196327142963,0.00942872214912401,0.0138549114433292,0.0234080827484693,0.0360007370295176,0.0791666666666666,0.103622929577231
0.00476483904502555,0.00661848902884941,0.0092840799238984,0.0136437041749116,0.0230569569897027,0.0354736532154499,0.0781075,0.102302794888507
0.0046901719361074,0.00651501478626919,0.00913943769867279,0.013432496906494,0.0227058312309361,0.0349465694013822,0.0770483333333333,0.100982660199783
0.00461550482718925,0.00641154054368896,0.00899479547344718,0.0132212896380764,0.0223547054721696,0.0344194855873145,0.0759891666666666,0.0996625255110597
0.0045408377182711,0.00630806630110874,0.00885015324822157,0.0130100823696588,0.022003579713403,0.0338924017732468,0.07493,0.0983423908223359
0.00448464293221766,0.00623014439140755,0.00874114667851808,0.0128506706877557,0.021737547458317,0.0334910515291568,0.074110875,0.0973146363696949
0.00442844814616422,0.00615222248170637,0.0086321401088146,0.0126912590058526,0.0214715152032309,0.0330897012850667,0.07329175,0.0962868819170538
0.00437225336011078,0.00607430057200518,0.00852313353911112,0.0125318473239495,0.0212054829481449,0.0326883510409767,0.072472625,0.0952591274644128
0.00431605857405734,0.005996378662304,0.00841412696940763,0.0123724356420465,0.0209394506930588,0.0322870007968867,0.0716535,0.0942313730117718
0.0042598637880039,0.00591845675260281,0.00830512039970415,0.0122130239601434,0.0206734184379727,0.0318856505527967,0.070834375,0.0932036185591307
0.00420366900195046,0.00584053484290163,0.00819611383000067,0.0120536122782403,0.0204073861828867,0.0314843003087067,0.07001525,0.0921758641064897
0.00414747421589702,0.00576261293320044,0.00808710726029718,0.0118942005963372,0.0201413539278006,0.0310829500646166,0.069196125,0.0911481096538487
0.00409127942984358,0.00568469102349926,0.0079781006905937,0.0117347889144341,0.0198753216727146,0.0306815998205266,0.068377,0.0901203552012076
0.00403508464379014,0.00560676911379807,0.00786909412089022,0.0115753772325311,0.0196092894176285,0.0302802495764366,0.067557875,0.0890926007485666
0.0039788898577367,0.00552884720409689,0.00776008755118673,0.011415965550628,0.0193432571625425,0.0298788993323466,0.06673875,0.0880648462959256
0.0039350885210132,0.00546806559223707,0.00767500037332985,0.0112913824021316,0.0191347269111159,0.0295629118706261,0.0660853194444444,0.0872401830123667
0.0038912871842897,0.00540728398037725,0.00758991319547298,0.0111667992536352,0.0189261966596893,0.0292469244089057,0.0654318888888889,0.0864155197288079
0.0038474858475662,0.00534650236851743,0.0075048260176161,0.0110422161051388,0.0187176664082627,0.0289309369471853,0.0647784583333333,0.0855908564452491
0.0038036845108427,0.00528572075665761,0.00741973883975922,0.0109176329566424,0.0185091361568362,0.0286149494854649,0.0641250277777777,0.0847661931616903
0.0037598831741192,0.00522493914479779,0.00733465166190234,0.010793049808146,0.0183006059054096,0.0282989620237445,0.0634715972222222,0.0839415298781315
0.0037160818373957,0.00516415753293797,0.00724956448404546,0.0106684666596496,0.018092075653983,0.0279829745620241,0.0628181666666666,0.0831168665945727
0.0036722805006722,0.00510337592107815,0.00716447730618858,0.0105438835111532,0.0178835454025564,0.0276669871003037,0.0621647361111111,0.0822922033110139
0.0036284791639487,0.00504259430921833,0.0070793901283317,0.0104193003626568,0.0176750151511299,0.0273509996385833,0.0615113055555555,0.0814675400274551
0.0035846778272252,0.00498181269735851,0.00699430295047482,0.0102947172141604,0.0174664848997033,0.0270350121768629,0.060857875,0.0806428767438963
0.0035408764905017,0.00492103108549869,0.00690921577261794,0.010170134065664,0.0172579546482767,0.0267190247151425,0.0602044444444444,0.0798182134603374
0.00350575056830916,0.00487229511629273,0.00684094519872802,0.0100700874153108,0.0170900868955076,0.0264637303496313,0.0596704,0.0791405223212483
0.00347062464611662,0.00482355914708677,0.0067726746248381,0.00997004076495746,0.0169222191427385,0.0262084359841202,0.0591363555555555,0.0784628311821591
0.00343549872392408,0.00477482317788081,0.00670440405094818,0.00986999411460417,0.0167543513899694,0.0259531416186091,0.0586023111111111,0.0777851400430699
0.00340037280173153,0.00472608720867485,0.00663613347705826,0.00976994746425088,0.0165864836372002,0.025697847253098,0.0580682666666666,0.0771074489039807
0.00336524687953899,0.00467735123946889,0.00656786290316834,0.00966990081389759,0.0164186158844311,0.0254425528875868,0.0575342222222222,0.0764297577648915
0.00333012095734645,0.00462861527026292,0.00649959232927841,0.0095698541635443,0.016250748131662,0.0251872585220757,0.0570001777777778,0.0757520666258023
0.00329499503515391,0.00457987930105696,0.00643132175538849,0.00946980751319101,0.0160828803788929,0.0249319641565646,0.0564661333333333,0.0750743754867131
0.00325986911296136,0.004531143331851,0.00636305118149857,0.00936976086283772,0.0159150126261238,0.0246766697910535,0.0559320888888889,0.074396684347624
0.00322474319076882,0.00448240736264504,0.00629478060760865,0.00926971421248443,0.0157471448733547,0.0244213754255423,0.0553980444444444,0.0737189932085348
0.00318961726857628,0.00443367139343908,0.00622651003371873,0.00916966756213114,0.0155792771205855,0.0241660810600312,0.054864,0.0730413020694456
0.00317373423605727,0.00441161055391233,0.00619556644783247,0.00912419935587666,0.015502493856719,0.0240481731955777,0.05460849,0.0727113731164118
0.00315785120353825,0.00438954971438558,0.00616462286194622,0.00907873114962218,0.0154257105928524,0.0239302653311241,0.05435298,0.0723814441633779
0.00314196817101924,0.00436748887485883,0.00613367927605996,0.00903326294336769,0.0153489273289859,0.0238123574666705,0.05409747,0.0720515152103441
0.00312608513850023,0.00434542803533208,0.00610273569017371,0.00898779473711321,0.0152721440651193,0.023694449602217,0.05384196,0.0717215862573103
0.00311020210598122,0.00432336719580533,0.00607179210428746,0.00894232653085873,0.0151953608012528,0.0235765417377634,0.05358645,0.0713916573042764
0.0030943190734622,0.00430130635627858,0.0060408485184012,0.00889685832460425,0.0151185775373862,0.0234586338733098,0.05333094,0.0710617283512426
0.00307843604094319,0.00427924551675183,0.00600990493251495,0.00885139011834977,0.0150417942735197,0.0233407260088563,0.05307543,0.0707317993982088
0.00306255300842418,0.00425718467722508,0.00597896134662869,0.00880592191209529,0.0149650110096532,0.0232228181444027,0.05281992,0.0704018704451749
0.00304666997590517,0.00423512383769833,0.00594801776074244,0.00876045370584081,0.0148882277457866,0.0231049102799491,0.05256441,0.0700719414921411
0.00303078694338616,0.00421306299817158,0.00591707417485618,0.00871498549958633,0.0148114444819201,0.0229870024154956,0.0523089,0.0697420125391073
0.00301490391086714,0.00419100215864483,0.00588613058896993,0.00866951729333185,0.0147346612180535,0.022869094551042,0.05205339,0.0694120835860735
0.00299902087834813,0.00416894131911808,0.00585518700308368,0.00862404908707737,0.014657877954187,0.0227511866865884,0.05179788,0.0690821546330396
0.00298313784582912,0.00414688047959133,0.00582424341719742,0.00857858088082289,0.0145810946903204,0.0226332788221349,0.05154237,0.0687522256800058
0.00296725481331011,0.00412481964006458,0.00579329983131117,0.00853311267456841,0.0145043114264539,0.0225153709576813,0.05128686,0.0684222967269719
0.00295137178079109,0.00410275880053783,0.00576235624542491,0.00848764446831393,0.0144275281625873,0.0223974630932278,0.05103135,0.0680923677739381
0.00293548874827208,0.00408069796101108,0.00573141265953866,0.00844217626205945,0.0143507448987208,0.0222795552287742,0.05077584,0.0677624388209043
0.00291960571575307,0.00405863712148433,0.0057004690736524,0.00839670805580497,0.0142739616348542,0.0221616473643206,0.05052033,0.0674325098678705
0.00290372268323406,0.00403657628195758,0.00566952548776615,0.00835123984955049,0.0141971783709877,0.0220437394998671,0.05026482,0.0671025809148366
0.00288783965071505,0.00401451544243083,0.00563858190187989,0.008305771643296,0.0141203951071211,0.0219258316354135,0.05000931,0.0667726519618028
0.00287195661819603,0.00399245460290408,0.00560763831599364,0.00826030343704152,0.0140436118432546,0.0218079237709599,0.0497538,0.066442723008769
0.00285607358567702,0.00397039376337733,0.00557669473010739,0.00821483523078704,0.013966828579388,0.0216900159065064,0.04949829,0.0661127940557351
0.00284019055315801,0.00394833292385058,0.00554575114422113,0.00816936702453256,0.0138900453155215,0.0215721080420528,0.04924278,0.0657828651027013
0.002824307520639,0.00392627208432383,0.00551480755833488,0.00812389881827808,0.0138132620516549,0.0214542001775992,0.04898727,0.0654529361496675
0.00280842448811998,0.00390421124479708,0.00548386397244862,0.0080784306120236,0.0137364787877884,0.0213362923131457,0.04873176,0.0651230071966336
0.00279254145560097,0.00388215040527034,0.00545292038656237,0.00803296240576912,0.0136596955239218,0.0212183844486921,0.04847625,0.0647930782435998
0.00277665842308196,0.00386008956574359,0.00542197680067611,0.00798749419951464,0.0135829122600553,0.0211004765842386,0.04822074,0.064463149290566
0.00276077539056295,0.00383802872621684,0.00539103321478986,0.00794202599326016,0.0135061289961887,0.020982568719785,0.04796523,0.0641332203375321
0.00274489235804394,0.00381596788669009,0.00536008962890361,0.00789655778700568,0.0134293457323222,0.0208646608553314,0.04770972,0.0638032913844983
0.00272900932552492,0.00379390704716334,0.00532914604301735,0.0078510895807512,0.0133525624684556,0.0207467529908779,0.04745421,0.0634733624314645
0.00271312629300591,0.00377184620763659,0.0052982024571311,0.00780562137449672,0.0132757792045891,0.0206288451264243,0.0471987,0.0631434334784307
0.0026972432604869,0.00374978536810984,0.00526725887124484,0.00776015316824224,0.0131989959407225,0.0205109372619707,0.04694319,0.0628135045253968
0.00268136022796789,0.00372772452858309,0.00523631528535859,0.00771468496198775,0.013122212676856,0.0203930293975172,0.04668768,0.062483575572363
0.00266547719544887,0.00370566368905634,0.00520537169947233,0.00766921675573327,0.0130454294129894,0.0202751215330636,0.04643217,0.0621536466193292
0.00264959416292986,0.00368360284952959,0.00517442811358608,0.00762374854947879,0.0129686461491229,0.02015721366861,0.04617666,0.0618237176662953
0.00263371113041085,0.00366154201000284,0.00514348452769983,0.00757828034322431,0.0128918628852563,0.0200393058041565,0.04592115,0.0614937887132615
0.00261782809789184,0.00363948117047609,0.00511254094181357,0.00753281213696983,0.0128150796213898,0.0199213979397029,0.04566564,0.0611638597602277
0.00260194506537283,0.00361742033094934,0.00508159735592732,0.00748734393071535,0.0127382963575232,0.0198034900752494,0.04541013,0.0608339308071938
0.00258606203285381,0.00359535949142259,0.00505065377004106,0.00744187572446087,0.0126615130936567,0.0196855822107958,0.04515462,0.06050400185416
0.0025701790003348,0.00357329865189584,0.00501971018415481,0.00739640751820639,0.0125847298297901,0.0195676743463422,0.04489911,0.0601740729011262
0.00255429596781579,0.00355123781236909,0.00498876659826855,0.00735093931195191,0.0125079465659236,0.0194497664818887,0.0446436,0.0598441439480923
0.00253841293529678,0.00352917697284234,0.0049578230123823,0.00730547110569743,0.0124311633020571,0.0193318586174351,0.04438809,0.0595142149950585
0.00252252990277776,0.00350711613331559,0.00492687942649604,0.00726000289944295,0.0123543800381905,0.0192139507529815,0.04413258,0.0591842860420247
0.00250664687025875,0.00348505529378884,0.00489593584060979,0.00721453469318847,0.012277596774324,0.019096042888528,0.04387707,0.0588543570889909
0.00249076383773974,0.00346299445426209,0.00486499225472354,0.00716906648693399,0.0122008135104574,0.0189781350240744,0.04362156,0.058524428135957
0.00247488080522073,0.00344093361473534,0.00483404866883728,0.00712359828067951,0.0121240302465909,0.0188602271596208,0.04336605,0.0581944991829232
0.00245899777270172,0.00341887277520859,0.00480310508295103,0.00707813007442503,0.0120472469827243,0.0187423192951673,0.04311054,0.0578645702298894
0.0024431147401827,0.00339681193568184,0.00477216149706477,0.00703266186817054,0.0119704637188578,0.0186244114307137,0.04285503,0.0575346412768555
0.00242723170766369,0.00337475109615509,0.00474121791117852,0.00698719366191606,0.0118936804549912,0.0185065035662602,0.04259952,0.0572047123238217
0.00241134867514468,0.00335269025662834,0.00471027432529226,0.00694172545566158,0.0118168971911247,0.0183885957018066,0.04234401,0.0568747833707879
0.00239546564262567,0.00333062941710159,0.00467933073940601,0.0068962572494071,0.0117401139272581,0.018270687837353,0.0420885,0.056544854417754
0.00237958261010665,0.00330856857757484,0.00464838715351976,0.00685078904315262,0.0116633306633916,0.0181527799728995,0.04183299,0.0562149254647202
0.00236369957758764,0.00328650773804809,0.0046174435676335,0.00680532083689814,0.011586547399525,0.0180348721084459,0.04157748,0.0558849965116864
0.00234781654506863,0.00326444689852134,0.00458649998174725,0.00675985263064366,0.0115097641356585,0.0179169642439923,0.04132197,0.0555550675586525
0.00233193351254962,0.0032423860589946,0.00455555639586099,0.00671438442438918,0.0114329808717919,0.0177990563795388,0.04106646,0.0552251386056187
0.00231605048003061,0.00322032521946785,0.00452461280997474,0.0066689162181347,0.0113561976079254,0.0176811485150852,0.04081095,0.0548952096525849
0.00230016744751159,0.0031982643799411,0.00449366922408848,0.00662344801188022,0.0112794143440588,0.0175632406506316,0.04055544,0.054565280699551
0.00228428441499258,0.00317620354041435,0.00446272563820223,0.00657797980562574,0.0112026310801923,0.0174453327861781,0.04029993,0.0542353517465172
0.00226840138247357,0.0031541427008876,0.00443178205231597,0.00653251159937126,0.0111258478163257,0.0173274249217245,0.04004442,0.0539054227934834
0.00225251834995456,0.00313208186136085,0.00440083846642972,0.00648704339311678,0.0110490645524592,0.0172095170572709,0.03978891,0.0535754938404496
0.00223663531743554,0.0031100210218341,0.00436989488054347,0.00644157518686229,0.0109722812885926,0.0170916091928174,0.0395334,0.0532455648874157
0.00222075228491653,0.00308796018230735,0.00433895129465721,0.00639610698060781,0.0108954980247261,0.0169737013283638,0.03927789,0.0529156359343819
0.00220486925239752,0.0030658993427806,0.00430800770877096,0.00635063877435333,0.0108187147608595,0.0168557934639103,0.03902238,0.0525857069813481
0.00218898621987851,0.00304383850325385,0.0042770641228847,0.00630517056809885,0.010741931496993,0.0167378855994567,0.03876687,0.0522557780283142
0.0021731031873595,0.0030217776637271,0.00424612053699845,0.00625970236184437,0.0106651482331264,0.0166199777350031,0.03851136,0.0519258490752804
0.00215722015484048,0.00299971682420035,0.00421517695111219,0.00621423415558989,0.0105883649692599,0.0165020698705496,0.03825585,0.0515959201222466
0.00214133712232147,0.0029776559846736,0.00418423336522594,0.00616876594933541,0.0105115817053933,0.016384162006096,0.03800034,0.0512659911692127
0.00212545408980246,0.00295559514514685,0.00415328977933969,0.00612329774308093,0.0104347984415268,0.0162662541416424,0.03774483,0.0509360622161789
0.00210957105728345,0.0029335343056201,0.00412234619345343,0.00607782953682645,0.0103580151776602,0.0161483462771889,0.03748932,0.0506061332631451
0.00209368802476443,0.00291147346609335,0.00409140260756718,0.00603236133057197,0.0102812319137937,0.0160304384127353,0.03723381,0.0502762043101112
0.00207780499224542,0.0028894126265666,0.00406045902168092,0.00598689312431749,0.0102044486499271,0.0159125305482817,0.0369783,0.0499462753570774
0.00206192195972641,0.00286735178703985,0.00402951543579467,0.00594142491806301,0.0101276653860606,0.0157946226838282,0.03672279,0.0496163464040436
0.0020460389272074,0.0028452909475131,0.00399857184990841,0.00589595671180853,0.0100508821221941,0.0156767148193746,0.03646728,0.0492864174510097
0.00203015589468839,0.00282323010798635,0.00396762826402216,0.00585048850555405,0.0099740988583275,0.0155588069549211,0.03621177,0.0489564884979759
0.00201427286216937,0.0028011692684596,0.00393668467813591,0.00580502029929957,0.00989731559446096,0.0154408990904675,0.03595626,0.0486265595449421
0.00199838982965036,0.00277910842893285,0.00390574109224965,0.00575955209304508,0.00982053233059441,0.0153229912260139,0.03570075,0.0482966305919083
0.00198250679713135,0.0027570475894061,0.0038747975063634,0.0057140838867906,0.00974374906672786,0.0152050833615604,0.03544524,0.0479667016388744
0.00196662376461234,0.00273498674987935,0.00384385392047714,0.00566861568053612,0.00966696580286131,0.0150871754971068,0.03518973,0.0476367726858406
0.00195074073209332,0.0027129259103526,0.00381291033459089,0.00562314747428164,0.00959018253899476,0.0149692676326532,0.03493422,0.0473068437328068
0.00193485769957431,0.00269086507082585,0.00378196674870463,0.00557767926802716,0.00951339927512821,0.0148513597681997,0.03467871,0.0469769147797729
0.0019189746670553,0.0026688042312991,0.00375102316281838,0.00553221106177268,0.00943661601126166,0.0147334519037461,0.0344232,0.0466469858267391
0.00190309163453629,0.00264674339177235,0.00372007957693212,0.0054867428555182,0.00935983274739512,0.0146155440392925,0.03416769,0.0463170568737053
0.00188720860201728,0.0026246825522456,0.00368913599104587,0.00544127464926372,0.00928304948352857,0.014497636174839,0.03391218,0.0459871279206714
0.00187132556949826,0.00260262171271886,0.00365819240515962,0.00539580644300924,0.00920626621966202,0.0143797283103854,0.03365667,0.0456571989676376
0.00185544253697925,0.00258056087319211,0.00362724881927336,0.00535033823675476,0.00912948295579547,0.0142618204459319,0.03340116,0.0453272700146038
0.00183955950446024,0.00255850003366536,0.00359630523338711,0.00530487003050028,0.00905269969192892,0.0141439125814783,0.03314565,0.0449973410615699
0.00182367647194123,0.00253643919413861,0.00356536164750085,0.0052594018242458,0.00897591642806237,0.0140260047170247,0.03289014,0.0446674121085361
0.00180779343942221,0.00251437835461186,0.0035344180616146,0.00521393361799132,0.00889913316419583,0.0139080968525712,0.03263463,0.0443374831555023
0.0017919104069032,0.00249231751508511,0.00350347447572834,0.00516846541173683,0.00882234990032928,0.0137901889881176,0.03237912,0.0440075542024684
0.00177602737438419,0.00247025667555836,0.00347253088984209,0.00512299720548235,0.00874556663646273,0.013672281123664,0.03212361,0.0436776252494346
0.00176014434186518,0.00244819583603161,0.00344158730395584,0.00507752899922787,0.00866878337259618,0.0135543732592105,0.0318681,0.0433476962964008
0.00174426130934617,0.00242613499650486,0.00341064371806958,0.00503206079297339,0.00859200010872963,0.0134364653947569,0.03161259,0.043017767343367
0.00172837827682715,0.00240407415697811,0.00337970013218333,0.00498659258671891,0.00851521684486308,0.0133185575303033,0.03135708,0.0426878383903331
0.00171249524430814,0.00238201331745136,0.00334875654629707,0.00494112438046443,0.00843843358099653,0.0132006496658498,0.03110157,0.0423579094372993
0.00169661221178913,0.00235995247792461,0.00331781296041082,0.00489565617420995,0.00836165031712999,0.0130827418013962,0.03084606,0.0420279804842655
0.00168072917927012,0.00233789163839786,0.00328686937452456,0.00485018796795547,0.00828486705326344,0.0129648339369427,0.03059055,0.0416980515312316
0.0016648461467511,0.00231583079887111,0.00325592578863831,0.00480471976170099,0.00820808378939689,0.0128469260724891,0.03033504,0.0413681225781978
0.00164896311423209,0.00229376995934436,0.00322498220275206,0.00475925155544651,0.00813130052553034,0.0127290182080355,0.03007953,0.041038193625164
0.00163308008171308,0.00227170911981761,0.0031940386168658,0.00471378334919203,0.00805451726166379,0.012611110343582,0.02982402,0.0407082646721301
0.00161719704919407,0.00224964828029086,0.00316309503097955,0.00466831514293755,0.00797773399779724,0.0124932024791284,0.02956851,0.0403783357190963
0.00160131401667506,0.00222758744076411,0.00313215144509329,0.00462284693668307,0.0079009507339307,0.0123752946146748,0.029313,0.0400484067660625
0.0015959913882308,0.00222018639342363,0.00312175354091968,0.00460752539890124,0.00787487670053006,0.0123347666279386,0.02922077,0.0399260796499398
0.00159066875978655,0.00221278534608314,0.00311135563674606,0.00459220386111941,0.00784880266712941,0.0122942386412024,0.02912854,0.0398037525338171
0.0015853461313423,0.00220538429874265,0.00310095773257244,0.00457688232333758,0.00782272863372877,0.0122537106544663,0.02903631,0.0396814254176945
0.00158002350289805,0.00219798325140217,0.00309055982839883,0.00456156078555575,0.00779665460032813,0.0122131826677301,0.02894408,0.0395590983015718
0.0015747008744538,0.00219058220406168,0.00308016192422521,0.00454623924777392,0.00777058056692749,0.0121726546809939,0.02885185,0.0394367711854491
0.00156937824600955,0.0021831811567212,0.0030697640200516,0.00453091770999209,0.00774450653352685,0.0121321266942577,0.02875962,0.0393144440693265
0.00156405561756529,0.00217578010938071,0.00305936611587798,0.00451559617221027,0.0077184325001262,0.0120915987075215,0.02866739,0.0391921169532038
0.00155873298912104,0.00216837906204023,0.00304896821170436,0.00450027463442844,0.00769235846672556,0.0120510707207853,0.02857516,0.0390697898370811
0.00155341036067679,0.00216097801469974,0.00303857030753075,0.00448495309664661,0.00766628443332492,0.0120105427340491,0.02848293,0.0389474627209585
0.00154808773223254,0.00215357696735925,0.00302817240335713,0.00446963155886478,0.00764021039992428,0.0119700147473129,0.0283907,0.0388251356048358
0.00154276510378829,0.00214617592001877,0.00301777449918351,0.00445431002108295,0.00761413636652364,0.0119294867605767,0.02829847,0.0387028084887131
0.00153744247534404,0.00213877487267828,0.0030073765950099,0.00443898848330112,0.007588062333123,0.0118889587738405,0.02820624,0.0385804813725905
0.00153211984689979,0.0021313738253378,0.00299697869083628,0.00442366694551929,0.00756198829972235,0.0118484307871043,0.02811401,0.0384581542564678
0.00152679721845553,0.00212397277799731,0.00298658078666267,0.00440834540773747,0.00753591426632171,0.0118079028003682,0.02802178,0.0383358271403451
0.00152147459001128,0.00211657173065682,0.00297618288248905,0.00439302386995564,0.00750984023292107,0.011767374813632,0.02792955,0.0382135000242224
0.00151615196156703,0.00210917068331634,0.00296578497831543,0.00437770233217381,0.00748376619952043,0.0117268468268958,0.02783732,0.0380911729080998
0.00151082933312278,0.00210176963597585,0.00295538707414182,0.00436238079439198,0.00745769216611979,0.0116863188401596,0.02774509,0.0379688457919771
0.00150550670467853,0.00209436858863537,0.0029449891699682,0.00434705925661015,0.00743161813271915,0.0116457908534234,0.02765286,0.0378465186758544
0.00150018407623428,0.00208696754129488,0.00293459126579459,0.00433173771882832,0.0074055440993185,0.0116052628666872,0.02756063,0.0377241915597318
0.00149486144779002,0.0020795664939544,0.00292419336162097,0.00431641618104649,0.00737947006591786,0.011564734879951,0.0274684,0.0376018644436091
0.00148953881934577,0.00207216544661391,0.00291379545744735,0.00430109464326467,0.00735339603251722,0.0115242068932148,0.02737617,0.0374795373274864
0.00148421619090152,0.00206476439927342,0.00290339755327374,0.00428577310548284,0.00732732199911658,0.0114836789064786,0.02728394,0.0373572102113638
0.00147889356245727,0.00205736335193294,0.00289299964910012,0.00427045156770101,0.00730124796571594,0.0114431509197424,0.02719171,0.0372348830952411
0.00147357093401302,0.00204996230459245,0.00288260174492651,0.00425513002991918,0.0072751739323153,0.0114026229330062,0.02709948,0.0371125559791184
0.00146824830556877,0.00204256125725197,0.00287220384075289,0.00423980849213735,0.00724909989891465,0.0113620949462701,0.02700725,0.0369902288629958
0.00146292567712452,0.00203516020991148,0.00286180593657927,0.00422448695435552,0.00722302586551401,0.0113215669595339,0.02691502,0.0368679017468731
0.00145760304868026,0.002027759162571,0.00285140803240566,0.00420916541657369,0.00719695183211337,0.0112810389727977,0.02682279,0.0367455746307504
0.00145228042023601,0.00202035811523051,0.00284101012823204,0.00419384387879187,0.00717087779871273,0.0112405109860615,0.02673056,0.0366232475146278
0.00144695779179176,0.00201295706789002,0.00283061222405842,0.00417852234101004,0.00714480376531209,0.0111999829993253,0.02663833,0.0365009203985051
0.00144163516334751,0.00200555602054954,0.00282021431988481,0.00416320080322821,0.00711872973191145,0.0111594550125891,0.0265461,0.0363785932823824
0.00143631253490326,0.00199815497320905,0.00280981641571119,0.00414787926544638,0.0070926556985108,0.0111189270258529,0.02645387,0.0362562661662598
0.00143098990645901,0.00199075392586857,0.00279941851153758,0.00413255772766455,0.00706658166511016,0.0110783990391167,0.02636164,0.0361339390501371
0.00142566727801475,0.00198335287852808,0.00278902060736396,0.00411723618988272,0.00704050763170952,0.0110378710523805,0.02626941,0.0360116119340144
0.0014203446495705,0.0019759518311876,0.00277862270319034,0.00410191465210089,0.00701443359830888,0.0109973430656443,0.02617718,0.0358892848178917
0.00141502202112625,0.00196855078384711,0.00276822479901673,0.00408659311431907,0.00698835956490824,0.0109568150789081,0.02608495,0.0357669577017691
0.001409699392682,0.00196114973650662,0.00275782689484311,0.00407127157653724,0.0069622855315076,0.0109162870921719,0.02599272,0.0356446305856464
0.00140437676423775,0.00195374868916614,0.0027474289906695,0.00405595003875541,0.00693621149810695,0.0108757591054358,0.02590049,0.0355223034695237
0.0013990541357935,0.00194634764182565,0.00273703108649588,0.00404062850097358,0.00691013746470631,0.0108352311186996,0.02580826,0.0353999763534011
0.00139373150734925,0.00193894659448517,0.00272663318232226,0.00402530696319175,0.00688406343130567,0.0107947031319634,0.02571603,0.0352776492372784
0.00138840887890499,0.00193154554714468,0.00271623527814865,0.00400998542540992,0.00685798939790503,0.0107541751452272,0.0256238,0.0351553221211557
0.00138308625046074,0.0019241444998042,0.00270583737397503,0.0039946638876281,0.00683191536450439,0.010713647158491,0.02553157,0.0350329950050331
0.00137776362201649,0.00191674345246371,0.00269543946980141,0.00397934234984627,0.00680584133110375,0.0106731191717548,0.02543934,0.0349106678889104
0.00137244099357224,0.00190934240512322,0.0026850415656278,0.00396402081206444,0.0067797672977031,0.0106325911850186,0.02534711,0.0347883407727877
0.00136711836512799,0.00190194135778274,0.00267464366145418,0.00394869927428261,0.00675369326430246,0.0105920631982824,0.02525488,0.0346660136566651
0.00136179573668374,0.00189454031044225,0.00266424575728057,0.00393337773650078,0.00672761923090182,0.0105515352115462,0.02516265,0.0345436865405424
0.00135647310823948,0.00188713926310177,0.00265384785310695,0.00391805619871895,0.00670154519750118,0.01051100722481,0.02507042,0.0344213594244197
0.00135115047979523,0.00187973821576128,0.00264344994893333,0.00390273466093712,0.00667547116410054,0.0104704792380738,0.02497819,0.034299032308297
0.00134582785135098,0.0018723371684208,0.00263305204475972,0.00388741312315529,0.0066493971306999,0.0104299512513377,0.02488596,0.0341767051921744
0.00134050522290673,0.00186493612108031,0.0026226541405861,0.00387209158537347,0.00662332309729925,0.0103894232646015,0.02479373,0.0340543780760517
0.00133518259446248,0.00185753507373982,0.00261225623641249,0.00385677004759164,0.00659724906389861,0.0103488952778653,0.0247015,0.033932050959929
0.00132985996601823,0.00185013402639934,0.00260185833223887,0.00384144850980981,0.00657117503049797,0.0103083672911291,0.02460927,0.0338097238438064
0.00132453733757398,0.00184273297905885,0.00259146042806525,0.00382612697202798,0.00654510099709733,0.0102678393043929,0.02451704,0.0336873967276837
0.00131921470912972,0.00183533193171837,0.00258106252389164,0.00381080543424615,0.00651902696369669,0.0102273113176567,0.02442481,0.033565069611561
0.00131389208068547,0.00182793088437788,0.00257066461971802,0.00379548389646432,0.00649295293029605,0.0101867833309205,0.02433258,0.0334427424954384
0.00130856945224122,0.00182052983703739,0.00256026671554441,0.00378016235868249,0.0064668788968954,0.0101462553441843,0.02424035,0.0333204153793157
0.00130324682379697,0.00181312878969691,0.00254986881137079,0.00376484082090067,0.00644080486349476,0.0101057273574481,0.02414812,0.033198088263193
0.00129792419535272,0.00180572774235642,0.00253947090719717,0.00374951928311884,0.00641473083009412,0.0100651993707119,0.02405589,0.0330757611470704
0.00129260156690847,0.00179832669501594,0.00252907300302356,0.00373419774533701,0.00638865679669348,0.0100246713839757,0.02396366,0.0329534340309477
0.00128727893846421,0.00179092564767545,0.00251867509884994,0.00371887620755518,0.00636258276329284,0.00998414339723955,0.02387143,0.032831106914825
0.00128195631001996,0.00178352460033497,0.00250827719467632,0.00370355466977335,0.0063365087298922,0.00994361541050336,0.0237792,0.0327087797987024
0.00127663368157571,0.00177612355299448,0.00249787929050271,0.00368823313199152,0.00631043469649155,0.00990308742376717,0.02368697,0.0325864526825797
0.00127131105313146,0.00176872250565399,0.00248748138632909,0.00367291159420969,0.00628436066309091,0.00986255943703098,0.02359474,0.032464125566457
0.00126598842468721,0.00176132145831351,0.00247708348215548,0.00365759005642787,0.00625828662969027,0.00982203145029479,0.02350251,0.0323417984503344
0.00126066579624296,0.00175392041097302,0.00246668557798186,0.00364226851864604,0.00623221259628963,0.00978150346355859,0.02341028,0.0322194713342117
0.00125534316779871,0.00174651936363254,0.00245628767380824,0.00362694698086421,0.00620613856288899,0.0097409754768224,0.02331805,0.032097144218089
0.00125002053935445,0.00173911831629205,0.00244588976963463,0.00361162544308238,0.00618006452948835,0.00970044749008621,0.02322582,0.0319748171019663
0.0012446979109102,0.00173171726895157,0.00243549186546101,0.00359630390530055,0.0061539904960877,0.00965991950335002,0.02313359,0.0318524899858437
0.00123937528246595,0.00172431622161108,0.0024250939612874,0.00358098236751872,0.00612791646268706,0.00961939151661383,0.02304136,0.031730162869721
0.0012340526540217,0.00171691517427059,0.00241469605711378,0.0035656608297369,0.00610184242928642,0.00957886352987764,0.02294913,0.0316078357535983
0.00122873002557745,0.00170951412693011,0.00240429815294016,0.00355033929195507,0.00607576839588578,0.00953833554314145,0.0228569,0.0314855086374757
0.0012234073971332,0.00170211307958962,0.00239390024876655,0.00353501775417324,0.00604969436248514,0.00949780755640526,0.02276467,0.031363181521353
0.00121808476868894,0.00169471203224914,0.00238350234459293,0.00351969621639141,0.0060236203290845,0.00945727956966907,0.02267244,0.0312408544052303
0.00121276214024469,0.00168731098490865,0.00237310444041931,0.00350437467860958,0.00599754629568385,0.00941675158293287,0.02258021,0.0311185272891077
0.00120743951180044,0.00167990993756817,0.0023627065362457,0.00348905314082775,0.00597147226228321,0.00937622359619668,0.02248798,0.030996200172985
0.00120211688335619,0.00167250889022768,0.00235230863207208,0.00347373160304592,0.00594539822888257,0.00933569560946049,0.02239575,0.0308738730568623
0.00119679425491194,0.00166510784288719,0.00234191072789847,0.00345841006526409,0.00591932419548193,0.0092951676227243,0.02230352,0.0307515459407397
0.00119147162646769,0.00165770679554671,0.00233151282372485,0.00344308852748227,0.00589325016208129,0.00925463963598811,0.02221129,0.030629218824617
0.00118614899802344,0.00165030574820622,0.00232111491955123,0.00342776698970044,0.00586717612868065,0.00921411164925192,0.02211906,0.0305068917084943
0.00118082636957918,0.00164290470086574,0.00231071701537762,0.00341244545191861,0.00584110209528001,0.00917358366251573,0.02202683,0.0303845645923716
0.00117550374113493,0.00163550365352525,0.002300319111204,0.00339712391413678,0.00581502806187936,0.00913305567577954,0.0219346,0.030262237476249
0.00117018111269068,0.00162810260618477,0.00228992120703039,0.00338180237635495,0.00578895402847872,0.00909252768904335,0.02184237,0.0301399103601263
0.00116485848424643,0.00162070155884428,0.00227952330285677,0.00336648083857312,0.00576287999507808,0.00905199970230715,0.02175014,0.0300175832440036
0.00115953585580218,0.00161330051150379,0.00226912539868315,0.00335115930079129,0.00573680596167744,0.00901147171557096,0.02165791,0.029895256127881
0.00115421322735793,0.00160589946416331,0.00225872749450954,0.00333583776300947,0.0057107319282768,0.00897094372883477,0.02156568,0.0297729290117583
0.00114889059891367,0.00159849841682282,0.00224832959033592,0.00332051622522764,0.00568465789487616,0.00893041574209858,0.02147345,0.0296506018956356
0.00114356797046942,0.00159109736948234,0.00223793168616231,0.00330519468744581,0.00565858386147551,0.00888988775536239,0.02138122,0.029528274779513
0.00113824534202517,0.00158369632214185,0.00222753378198869,0.00328987314966398,0.00563250982807487,0.0088493597686262,0.02128899,0.0294059476633903
0.00113292271358092,0.00157629527480136,0.00221713587781507,0.00327455161188215,0.00560643579467423,0.00880883178189001,0.02119676,0.0292836205472676
0.00112760008513667,0.00156889422746088,0.00220673797364146,0.00325923007410032,0.00558036176127359,0.00876830379515382,0.02110453,0.029161293431145
0.00112227745669242,0.00156149318012039,0.00219634006946784,0.0032439085363185,0.00555428772787295,0.00872777580841762,0.0210123,0.0290389663150223
0.00111695482824817,0.00155409213277991,0.00218594216529422,0.00322858699853667,0.0055282136944723,0.00868724782168143,0.02092007,0.0289166391988996
0.00111163219980391,0.00154669108543942,0.00217554426112061,0.00321326546075484,0.00550213966107166,0.00864671983494524,0.02082784,0.028794312082777
0.00110630957135966,0.00153929003809894,0.00216514635694699,0.00319794392297301,0.00547606562767102,0.00860619184820905,0.02073561,0.0286719849666543
0.00110098694291541,0.00153188899075845,0.00215474845277338,0.00318262238519118,0.00544999159427038,0.00856566386147286,0.02064338,0.0285496578505316
0.00109566431447116,0.00152448794341796,0.00214435054859976,0.00316730084740935,0.00542391756086974,0.00852513587473667,0.02055115,0.028427330734409
0.00109034168602691,0.00151708689607748,0.00213395264442614,0.00315197930962752,0.0053978435274691,0.00848460788800048,0.02045892,0.0283050036182863
0.00108501905758266,0.00150968584873699,0.00212355474025253,0.0031366577718457,0.00537176949406845,0.00844407990126429,0.02036669,0.0281826765021636
0.0010796964291384,0.00150228480139651,0.00211315683607891,0.00312133623406387,0.00534569546066781,0.0084035519145281,0.02027446,0.0280603493860409
0.00107437380069415,0.00149488375405602,0.0021027589319053,0.00310601469628204,0.00531962142726717,0.0083630239277919,0.02018223,0.0279380222699183
0.0010690511722499,0.00148748270671554,0.00209236102773168,0.00309069315850021,0.00529354739386653,0.00832249594105571,0.02009,0.0278156951537956
0.00106638384762014,0.00148377309149702,0.00208714610040361,0.00308299940760663,0.00528041471826699,0.0083019747998702,0.02004215,0.0277512117293966
0.00106371652299037,0.0014800634762785,0.00208193117307554,0.00307530565671304,0.00526728204266745,0.0082814536586847,0.0199943,0.0276867283049976
0.0010610491983606,0.00147635386105999,0.00207671624574747,0.00306761190581946,0.00525414936706791,0.00826093251749919,0.01994645,0.0276222448805986
0.00105838187373084,0.00147264424584147,0.0020715013184194,0.00305991815492588,0.00524101669146837,0.00824041137631368,0.0198986,0.0275577614561996
0.00105571454910107,0.00146893463062296,0.00206628639109134,0.0030522244040323,0.00522788401586882,0.00821989023512817,0.01985075,0.0274932780318006
0.00105304722447131,0.00146522501540444,0.00206107146376327,0.00304453065313872,0.00521475134026928,0.00819936909394267,0.0198029,0.0274287946074016
0.00105037989984154,0.00146151540018593,0.0020558565364352,0.00303683690224513,0.00520161866466974,0.00817884795275716,0.01975505,0.0273643111830026
0.00104771257521177,0.00145780578496741,0.00205064160910713,0.00302914315135155,0.0051884859890702,0.00815832681157165,0.0197072,0.0272998277586036
0.00104504525058201,0.00145409616974889,0.00204542668177906,0.00302144940045797,0.00517535331347066,0.00813780567038614,0.01965935,0.0272353443342046
0.00104237792595224,0.00145038655453038,0.00204021175445099,0.00301375564956439,0.00516222063787112,0.00811728452920063,0.0196115,0.0271708609098056
0.00103971060132248,0.00144667693931186,0.00203499682712292,0.0030060618986708,0.00514908796227158,0.00809676338801513,0.01956365,0.0271063774854065
0.00103704327669271,0.00144296732409335,0.00202978189979486,0.00299836814777722,0.00513595528667204,0.00807624224682962,0.0195158,0.0270418940610075
0.00103437595206295,0.00143925770887483,0.00202456697246679,0.00299067439688364,0.0051228226110725,0.00805572110564411,0.01946795,0.0269774106366085
0.00103170862743318,0.00143554809365631,0.00201935204513872,0.00298298064599006,0.00510968993547296,0.0080351999644586,0.0194201,0.0269129272122095
0.00102904130280341,0.0014318384784378,0.00201413711781065,0.00297528689509647,0.00509655725987342,0.00801467882327309,0.01937225,0.0268484437878105
0.00102637397817365,0.00142812886321928,0.00200892219048258,0.00296759314420289,0.00508342458427387,0.00799415768208758,0.0193244,0.0267839603634115
0.00102370665354388,0.00142441924800077,0.00200370726315451,0.00295989939330931,0.00507029190867433,0.00797363654090208,0.01927655,0.0267194769390125
0.00102103932891412,0.00142070963278225,0.00199849233582644,0.00295220564241573,0.00505715923307479,0.00795311539971657,0.0192287,0.0266549935146135
0.00101837200428435,0.00141700001756373,0.00199327740849838,0.00294451189152214,0.00504402655747525,0.00793259425853106,0.01918085,0.0265905100902145
0.00101570467965458,0.00141329040234522,0.00198806248117031,0.00293681814062856,0.00503089388187571,0.00791207311734555,0.019133,0.0265260266658155
0.00101303735502482,0.0014095807871267,0.00198284755384224,0.00292912438973498,0.00501776120627617,0.00789155197616004,0.01908515,0.0264615432414165
0.00101037003039505,0.00140587117190819,0.00197763262651417,0.0029214306388414,0.00500462853067663,0.00787103083497454,0.0190373,0.0263970598170175
0.00100770270576529,0.00140216155668967,0.0019724176991861,0.00291373688794781,0.00499149585507709,0.00785050969378903,0.01898945,0.0263325763926185
0.00100503538113552,0.00139845194147116,0.00196720277185803,0.00290604313705423,0.00497836317947755,0.00782998855260352,0.0189416,0.0262680929682195
0.00100236805650576,0.00139474232625264,0.00196198784452996,0.00289834938616065,0.00496523050387801,0.00780946741141801,0.01889375,0.0262036095438205
0.00099970073187599,0.00139103271103412,0.0019567729172019,0.00289065563526707,0.00495209782827846,0.0077889462702325,0.0188459,0.0261391261194215
0.000997033407246224,0.00138732309581561,0.00195155798987383,0.00288296188437348,0.00493896515267892,0.007768425129047,0.01879805,0.0260746426950225
0.000994366082616458,0.00138361348059709,0.00194634306254576,0.0028752681334799,0.00492583247707938,0.00774790398786149,0.0187502,0.0260101592706235
0.000991698757986692,0.00137990386537858,0.00194112813521769,0.00286757438258632,0.00491269980147984,0.00772738284667598,0.01870235,0.0259456758462245
0.000989031433356926,0.00137619425016006,0.00193591320788962,0.00285988063169274,0.0048995671258803,0.00770686170549047,0.0186545,0.0258811924218255
0.00098636410872716,0.00137248463494154,0.00193069828056155,0.00285218688079916,0.00488643445028076,0.00768634056430496,0.01860665,0.0258167089974264
0.000983696784097394,0.00136877501972303,0.00192548335323348,0.00284449312990557,0.00487330177468122,0.00766581942311946,0.0185588,0.0257522255730274
0.000981029459467628,0.00136506540450451,0.00192026842590541,0.00283679937901199,0.00486016909908168,0.00764529828193395,0.01851095,0.0256877421486284
0.000978362134837863,0.001361355789286,0.00191505349857735,0.00282910562811841,0.00484703642348214,0.00762477714074844,0.0184631,0.0256232587242294
0.000975694810208097,0.00135764617406748,0.00190983857124928,0.00282141187722483,0.0048339037478826,0.00760425599956293,0.01841525,0.0255587752998304
0.000973027485578331,0.00135393655884897,0.00190462364392121,0.00281371812633124,0.00482077107228306,0.00758373485837742,0.0183674,0.0254942918754314
0.000970360160948565,0.00135022694363045,0.00189940871659314,0.00280602437543766,0.00480763839668351,0.00756321371719192,0.01831955,0.0254298084510324
0.000967692836318799,0.00134651732841193,0.00189419378926507,0.00279833062454408,0.00479450572108397,0.00754269257600641,0.0182717,0.0253653250266334
0.000965025511689033,0.00134280771319342,0.001888978861937,0.0027906368736505,0.00478137304548443,0.0075221714348209,0.01822385,0.0253008416022344
0.000962358187059267,0.0013390980979749,0.00188376393460893,0.00278294312275691,0.00476824036988489,0.00750165029363539,0.018176,0.0252363581778354
0.000959690862429502,0.00133538848275639,0.00187854900728087,0.00277524937186333,0.00475510769428535,0.00748112915244988,0.01812815,0.0251718747534364
0.000957023537799736,0.00133167886753787,0.0018733340799528,0.00276755562096975,0.00474197501868581,0.00746060801126438,0.0180803,0.0251073913290374
0.00095435621316997,0.00132796925231935,0.00186811915262473,0.00275986187007617,0.00472884234308627,0.00744008687007887,0.01803245,0.0250429079046384
0.000951688888540204,0.00132425963710084,0.00186290422529666,0.00275216811918258,0.00471570966748673,0.00741956572889336,0.0179846,0.0249784244802394
0.000949021563910438,0.00132055002188232,0.00185768929796859,0.002744474368289,0.00470257699188719,0.00739904458770785,0.01793675,0.0249139410558404
0.000946354239280672,0.00131684040666381,0.00185247437064052,0.00273678061739542,0.00468944431628765,0.00737852344652234,0.0178889,0.0248494576314414
0.000943686914650906,0.00131313079144529,0.00184725944331245,0.00272908686650184,0.00467631164068811,0.00735800230533683,0.01784105,0.0247849742070424
0.000941019590021141,0.00130942117622677,0.00184204451598439,0.00272139311560825,0.00466317896508856,0.00733748116415133,0.0177932,0.0247204907826434
0.000938352265391375,0.00130571156100826,0.00183682958865632,0.00271369936471467,0.00465004628948902,0.00731696002296582,0.01774535,0.0246560073582444
0.000935684940761609,0.00130200194578974,0.00183161466132825,0.00270600561382109,0.00463691361388948,0.00729643888178031,0.0176975,0.0245915239338453
0.000933017616131843,0.00129829233057123,0.00182639973400018,0.00269831186292751,0.00462378093828994,0.0072759177405948,0.01764965,0.0245270405094463
0.000930350291502077,0.00129458271535271,0.00182118480667211,0.00269061811203392,0.0046106482626904,0.00725539659940929,0.0176018,0.0244625570850473
0.000927682966872311,0.0012908731001342,0.00181596987934404,0.00268292436114034,0.00459751558709086,0.00723487545822379,0.01755395,0.0243980736606483
0.000925015642242545,0.00128716348491568,0.00181075495201597,0.00267523061024676,0.00458438291149132,0.00721435431703828,0.0175061,0.0243335902362493
0.00092234831761278,0.00128345386969716,0.0018055400246879,0.00266753685935318,0.00457125023589178,0.00719383317585277,0.01745825,0.0242691068118503
0.000919680992983014,0.00127974425447865,0.00180032509735984,0.00265984310845959,0.00455811756029224,0.00717331203466726,0.0174104,0.0242046233874513
0.000917013668353248,0.00127603463926013,0.00179511017003177,0.00265214935756601,0.0045449848846927,0.00715279089348175,0.01736255,0.0241401399630523
0.000914346343723482,0.00127232502404162,0.0017898952427037,0.00264445560667243,0.00453185220909316,0.00713226975229625,0.0173147,0.0240756565386533
0.000911679019093716,0.0012686154088231,0.00178468031537563,0.00263676185577885,0.00451871953349361,0.00711174861111074,0.01726685,0.0240111731142543
0.00090901169446395,0.00126490579360458,0.00177946538804756,0.00262906810488527,0.00450558685789407,0.00709122746992523,0.017219,0.0239466896898553
0.000906344369834184,0.00126119617838607,0.00177425046071949,0.00262137435399168,0.00449245418229453,0.00707070632873972,0.01717115,0.0238822062654563
0.000903677045204419,0.00125748656316755,0.00176903553339142,0.0026136806030981,0.00447932150669499,0.00705018518755421,0.0171233,0.0238177228410573
0.000901009720574653,0.00125377694794904,0.00176382060606336,0.00260598685220452,0.00446618883109545,0.00702966404636871,0.01707545,0.0237532394166583
0.000898342395944887,0.00125006733273052,0.00175860567873529,0.00259829310131094,0.00445305615549591,0.0070091429051832,0.0170276,0.0236887559922593
0.000895675071315121,0.00124635771751201,0.00175339075140722,0.00259059935041735,0.00443992347989637,0.00698862176399769,0.01697975,0.0236242725678603
0.000893007746685355,0.00124264810229349,0.00174817582407915,0.00258290559952377,0.00442679080429683,0.00696810062281218,0.0169319,0.0235597891434613
0.000890340422055589,0.00123893848707497,0.00174296089675108,0.00257521184863019,0.00441365812869729,0.00694757948162667,0.01688405,0.0234953057190623
0.000887673097425823,0.00123522887185646,0.00173774596942301,0.00256751809773661,0.00440052545309775,0.00692705834044116,0.0168362,0.0234308222946632
0.000885005772796058,0.00123151925663794,0.00173253104209494,0.00255982434684302,0.00438739277749821,0.00690653719925566,0.01678835,0.0233663388702642
0.000882338448166292,0.00122780964141943,0.00172731611476688,0.00255213059594944,0.00437426010189866,0.00688601605807015,0.0167405,0.0233018554458652
0.000879671123536526,0.00122410002620091,0.00172210118743881,0.00254443684505586,0.00436112742629912,0.00686549491688464,0.01669265,0.0232373720214662
0.00087700379890676,0.00122039041098239,0.00171688626011074,0.00253674309416228,0.00434799475069958,0.00684497377569913,0.0166448,0.0231728885970672
0.000874336474276994,0.00121668079576388,0.00171167133278267,0.00252904934326869,0.00433486207510004,0.00682445263451362,0.01659695,0.0231084051726682
0.000871669149647228,0.00121297118054536,0.0017064564054546,0.00252135559237511,0.0043217293995005,0.00680393149332812,0.0165491,0.0230439217482692
0.000869001825017462,0.00120926156532685,0.00170124147812653,0.00251366184148153,0.00430859672390096,0.00678341035214261,0.01650125,0.0229794383238702
0.000866334500387697,0.00120555195010833,0.00169602655079846,0.00250596809058795,0.00429546404830142,0.0067628892109571,0.0164534,0.0229149548994712
0.000863667175757931,0.00120184233488982,0.00169081162347039,0.00249827433969436,0.00428233137270188,0.00674236806977159,0.01640555,0.0228504714750722
0.000860999851128165,0.0011981327196713,0.00168559669614233,0.00249058058880078,0.00426919869710234,0.00672184692858608,0.0163577,0.0227859880506732
0.000858332526498399,0.00119442310445278,0.00168038176881426,0.0024828868379072,0.0042560660215028,0.00670132578740058,0.01630985,0.0227215046262742
0.000855665201868633,0.00119071348923427,0.00167516684148619,0.00247519308701362,0.00424293334590325,0.00668080464621507,0.016262,0.0226570212018752
0.000852997877238867,0.00118700387401575,0.00166995191415812,0.00246749933612004,0.00422980067030371,0.00666028350502956,0.01621415,0.0225925377774762
0.000850330552609102,0.00118329425879724,0.00166473698683005,0.00245980558522645,0.00421666799470417,0.00663976236384405,0.0161663,0.0225280543530772
0.000847663227979336,0.00117958464357872,0.00165952205950198,0.00245211183433287,0.00420353531910463,0.00661924122265854,0.01611845,0.0224635709286782
0.00084499590334957,0.0011758750283602,0.00165430713217391,0.00244441808343929,0.00419040264350509,0.00659872008147304,0.0160706,0.0223990875042792
0.000842328578719804,0.00117216541314169,0.00164909220484585,0.00243672433254571,0.00417726996790555,0.00657819894028753,0.01602275,0.0223346040798802
0.000839661254090038,0.00116845579792317,0.00164387727751778,0.00242903058165212,0.00416413729230601,0.00655767779910202,0.0159749,0.0222701206554812
0.000836993929460272,0.00116474618270466,0.00163866235018971,0.00242133683075854,0.00415100461670647,0.00653715665791651,0.01592705,0.0222056372310822
0.000834326604830506,0.00116103656748614,0.00163344742286164,0.00241364307986496,0.00413787194110693,0.006516635516731,0.0158792,0.0221411538066831
0.00083165928020074,0.00115732695226762,0.00162823249553357,0.00240594932897138,0.00412473926550739,0.0064961143755455,0.01583135,0.0220766703822841
0.000828991955570975,0.00115361733704911,0.0016230175682055,0.00239825557807779,0.00411160658990785,0.00647559323435999,0.0157835,0.0220121869578851
0.000826324630941209,0.00114990772183059,0.00161780264087743,0.00239056182718421,0.0040984739143083,0.00645507209317448,0.01573565,0.0219477035334861
0.000823657306311443,0.00114619810661208,0.00161258771354937,0.00238286807629063,0.00408534123870876,0.00643455095198897,0.0156878,0.0218832201090871
0.000820989981681677,0.00114248849139356,0.0016073727862213,0.00237517432539705,0.00407220856310922,0.00641402981080346,0.01563995,0.0218187366846881
0.000818322657051911,0.00113877887617505,0.00160215785889323,0.00236748057450346,0.00405907588750968,0.00639350866961796,0.0155921,0.0217542532602891
0.000815655332422145,0.00113506926095653,0.00159694293156516,0.00235978682360988,0.00404594321191014,0.00637298752843245,0.01554425,0.0216897698358901
0.00081298800779238,0.00113135964573801,0.00159172800423709,0.0023520930727163,0.0040328105363106,0.00635246638724694,0.0154964,0.0216252864114911
0.000810320683162614,0.0011276500305195,0.00158651307690902,0.00234439932182272,0.00401967786071106,0.00633194524606143,0.01544855,0.0215608029870921
0.000807653358532848,0.00112394041530098,0.00158129814958095,0.00233670557092913,0.00400654518511152,0.00631142410487592,0.0154007,0.0214963195626931
0.000804986033903082,0.00112023080008247,0.00157608322225288,0.00232901182003555,0.00399341250951198,0.00629090296369041,0.01535285,0.0214318361382941
0.000802318709273316,0.00111652118486395,0.00157086829492482,0.00232131806914197,0.00398027983391244,0.00627038182250491,0.015305,0.0213673527138951
0.000800716900281894,0.00111429256968295,0.00156773459159914,0.00231669153269312,0.00397236860577611,0.00625798237835608,0.015275638,0.0213273728964868
0.000799115091290472,0.00111206395450194,0.00156460088827347,0.00231206499624428,0.00396445737763978,0.00624558293420724,0.015246276,0.0212873930790785
0.00079751328229905,0.00110983533932094,0.0015614671849478,0.00230743845979543,0.00395654614950346,0.00623318349005841,0.015216914,0.0212474132616702
0.000795911473307628,0.00110760672413994,0.00155833348162212,0.00230281192334659,0.00394863492136713,0.00622078404590958,0.015187552,0.0212074334442619
0.000794309664316207,0.00110537810895893,0.00155519977829645,0.00229818538689774,0.0039407236932308,0.00620838460176075,0.01515819,0.0211674536268536
0.000792707855324785,0.00110314949377793,0.00155206607497078,0.00229355885044889,0.00393281246509448,0.00619598515761192,0.015128828,0.0211274738094454
0.000791106046333363,0.00110092087859692,0.00154893237164511,0.00228893231400005,0.00392490123695815,0.00618358571346308,0.015099466,0.0210874939920371
0.000789504237341941,0.00109869226341592,0.00154579866831943,0.0022843057775512,0.00391699000882183,0.00617118626931425,0.015070104,0.0210475141746288
0.000787902428350519,0.00109646364823492,0.00154266496499376,0.00227967924110236,0.0039090787806855,0.00615878682516542,0.015040742,0.0210075343572205
0.000786300619359097,0.00109423503305391,0.00153953126166809,0.00227505270465351,0.00390116755254917,0.00614638738101659,0.01501138,0.0209675545398122
0.000784698810367675,0.00109200641787291,0.00153639755834241,0.00227042616820466,0.00389325632441285,0.00613398793686776,0.014982018,0.0209275747224039
0.000783097001376253,0.00108977780269191,0.00153326385501674,0.00226579963175582,0.00388534509627652,0.00612158849271893,0.014952656,0.0208875949049956
0.000781495192384832,0.0010875491875109,0.00153013015169107,0.00226117309530697,0.00387743386814019,0.00610918904857009,0.014923294,0.0208476150875873
0.00077989338339341,0.0010853205723299,0.0015269964483654,0.00225654655885813,0.00386952264000387,0.00609678960442126,0.014893932,0.0208076352701791
0.000778291574401988,0.0010830919571489,0.00152386274503972,0.00225192002240928,0.00386161141186754,0.00608439016027243,0.01486457,0.0207676554527708
0.000776689765410566,0.00108086334196789,0.00152072904171405,0.00224729348596043,0.00385370018373122,0.0060719907161236,0.014835208,0.0207276756353625
0.000775087956419144,0.00107863472678689,0.00151759533838838,0.00224266694951159,0.00384578895559489,0.00605959127197477,0.014805846,0.0206876958179542
0.000773486147427722,0.00107640611160588,0.0015144616350627,0.00223804041306274,0.00383787772745856,0.00604719182782593,0.014776484,0.0206477160005459
0.0007718843384363,0.00107417749642488,0.00151132793173703,0.0022334138766139,0.00382996649932224,0.0060347923836771,0.014747122,0.0206077361831376
0.000770282529444878,0.00107194888124388,0.00150819422841136,0.00222878734016505,0.00382205527118591,0.00602239293952827,0.01471776,0.0205677563657293
0.000768680720453456,0.00106972026606287,0.00150506052508569,0.0022241608037162,0.00381414404304958,0.00600999349537944,0.014688398,0.020527776548321
0.000767078911462035,0.00106749165088187,0.00150192682176001,0.00221953426726736,0.00380623281491326,0.00599759405123061,0.014659036,0.0204877967309128
0.000765477102470613,0.00106526303570087,0.00149879311843434,0.00221490773081851,0.00379832158677693,0.00598519460708178,0.014629674,0.0204478169135045
0.000763875293479191,0.00106303442051986,0.00149565941510867,0.00221028119436967,0.00379041035864061,0.00597279516293294,0.014600312,0.0204078370960962
0.000762273484487769,0.00106080580533886,0.00149252571178299,0.00220565465792082,0.00378249913050428,0.00596039571878411,0.01457095,0.0203678572786879
0.000760671675496347,0.00105857719015786,0.00148939200845732,0.00220102812147198,0.00377458790236795,0.00594799627463528,0.014541588,0.0203278774612796
0.000759069866504925,0.00105634857497685,0.00148625830513165,0.00219640158502313,0.00376667667423163,0.00593559683048645,0.014512226,0.0202878976438713
0.000757468057513503,0.00105411995979585,0.00148312460180598,0.00219177504857428,0.0037587654460953,0.00592319738633762,0.014482864,0.020247917826463
0.000755866248522081,0.00105189134461484,0.0014799908984803,0.00218714851212544,0.00375085421795897,0.00591079794218878,0.014453502,0.0202079380090548
0.00075426443953066,0.00104966272943384,0.00147685719515463,0.00218252197567659,0.00374294298982265,0.00589839849803995,0.01442414,0.0201679581916465
0.000752662630539238,0.00104743411425284,0.00147372349182896,0.00217789543922775,0.00373503176168632,0.00588599905389112,0.014394778,0.0201279783742382
0.000751060821547816,0.00104520549907183,0.00147058978850328,0.0021732689027789,0.00372712053355,0.00587359960974229,0.014365416,0.0200879985568299
0.000749459012556394,0.00104297688389083,0.00146745608517761,0.00216864236633005,0.00371920930541367,0.00586120016559346,0.014336054,0.0200480187394216
0.000747857203564972,0.00104074826870983,0.00146432238185194,0.00216401582988121,0.00371129807727734,0.00584880072144462,0.014306692,0.0200080389220133
0.00074625539457355,0.00103851965352882,0.00146118867852627,0.00215938929343236,0.00370338684914102,0.00583640127729579,0.01427733,0.019968059104605
0.000744653585582128,0.00103629103834782,0.00145805497520059,0.00215476275698352,0.00369547562100469,0.00582400183314696,0.014247968,0.0199280792871967
0.000743051776590706,0.00103406242316681,0.00145492127187492,0.00215013622053467,0.00368756439286836,0.00581160238899813,0.014218606,0.0198880994697885
0.000741449967599284,0.00103183380798581,0.00145178756854925,0.00214550968408582,0.00367965316473204,0.0057992029448493,0.014189244,0.0198481196523802
0.000739848158607863,0.00102960519280481,0.00144865386522357,0.00214088314763698,0.00367174193659571,0.00578680350070047,0.014159882,0.0198081398349719
0.000738246349616441,0.0010273765776238,0.0014455201618979,0.00213625661118813,0.00366383070845939,0.00577440405655163,0.01413052,0.0197681600175636
0.000736644540625019,0.0010251479624428,0.00144238645857223,0.00213163007473929,0.00365591948032306,0.0057620046124028,0.014101158,0.0197281802001553
0.000735042731633597,0.0010229193472618,0.00143925275524655,0.00212700353829044,0.00364800825218673,0.00574960516825397,0.014071796,0.019688200382747
0.000733440922642175,0.00102069073208079,0.00143611905192088,0.00212237700184159,0.00364009702405041,0.00573720572410514,0.014042434,0.0196482205653387
0.000731839113650753,0.00101846211689979,0.00143298534859521,0.00211775046539275,0.00363218579591408,0.00572480627995631,0.014013072,0.0196082407479304
0.000730237304659331,0.00101623350171879,0.00142985164526954,0.0021131239289439,0.00362427456777775,0.00571240683580748,0.01398371,0.0195682609305222
0.000728635495667909,0.00101400488653778,0.00142671794194386,0.00210849739249506,0.00361636333964143,0.00570000739165864,0.013954348,0.0195282811131139
0.000727033686676487,0.00101177627135678,0.00142358423861819,0.00210387085604621,0.0036084521115051,0.00568760794750981,0.013924986,0.0194883012957056
0.000725431877685066,0.00100954765617577,0.00142045053529252,0.00209924431959736,0.00360054088336878,0.00567520850336098,0.013895624,0.0194483214782973
0.000723830068693644,0.00100731904099477,0.00141731683196684,0.00209461778314852,0.00359262965523245,0.00566280905921215,0.013866262,0.019408341660889
0.000722228259702222,0.00100509042581377,0.00141418312864117,0.00208999124669967,0.00358471842709612,0.00565040961506332,0.0138369,0.0193683618434807
0.0007206264507108,0.00100286181063276,0.0014110494253155,0.00208536471025083,0.0035768071989598,0.00563801017091448,0.013807538,0.0193283820260724
0.000719024641719378,0.00100063319545176,0.00140791572198983,0.00208073817380198,0.00356889597082347,0.00562561072676565,0.013778176,0.0192884022086641
0.000717422832727956,0.000998404580270756,0.00140478201866415,0.00207611163735313,0.00356098474268714,0.00561321128261682,0.013748814,0.0192484223912559
0.000715821023736534,0.000996175965089753,0.00140164831533848,0.00207148510090429,0.00355307351455082,0.00560081183846799,0.013719452,0.0192084425738476
0.000714219214745112,0.000993947349908749,0.00139851461201281,0.00206685856445544,0.00354516228641449,0.00558841239431916,0.01369009,0.0191684627564393
0.00071261740575369,0.000991718734727745,0.00139538090868713,0.0020622320280066,0.00353725105827817,0.00557601295017033,0.013660728,0.019128482939031
0.000711015596762269,0.000989490119546742,0.00139224720536146,0.00205760549155775,0.00352933983014184,0.00556361350602149,0.013631366,0.0190885031216227
0.000709413787770847,0.000987261504365738,0.00138911350203579,0.00205297895510891,0.00352142860200551,0.00555121406187266,0.013602004,0.0190485233042144
0.000707811978779425,0.000985032889184734,0.00138597979871012,0.00204835241866006,0.00351351737386919,0.00553881461772383,0.013572642,0.0190085434868061
0.000706210169788003,0.000982804274003731,0.00138284609538444,0.00204372588221121,0.00350560614573286,0.005526415173575,0.01354328,0.0189685636693978
0.000704608360796581,0.000980575658822727,0.00137971239205877,0.00203909934576237,0.00349769491759653,0.00551401572942617,0.013513918,0.0189285838519896
0.000703006551805159,0.000978347043641723,0.0013765786887331,0.00203447280931352,0.00348978368946021,0.00550161628527733,0.013484556,0.0188886040345813
0.000701404742813737,0.00097611842846072,0.00137344498540742,0.00202984627286468,0.00348187246132388,0.0054892168411285,0.013455194,0.018848624217173
0.000699802933822315,0.000973889813279716,0.00137031128208175,0.00202521973641583,0.00347396123318756,0.00547681739697967,0.013425832,0.0188086443997647
0.000698201124830894,0.000971661198098712,0.00136717757875608,0.00202059319996698,0.00346605000505123,0.00546441795283084,0.01339647,0.0187686645823564
0.000696599315839472,0.000969432582917709,0.00136404387543041,0.00201596666351814,0.0034581387769149,0.00545201850868201,0.013367108,0.0187286847649481
0.00069499750684805,0.000967203967736705,0.00136091017210473,0.00201134012706929,0.00345022754877858,0.00543961906453318,0.013337746,0.0186887049475398
0.000693395697856628,0.000964975352555701,0.00135777646877906,0.00200671359062045,0.00344231632064225,0.00542721962038434,0.013308384,0.0186487251301315
0.000691793888865206,0.000962746737374698,0.00135464276545339,0.0020020870541716,0.00343440509250592,0.00541482017623551,0.013279022,0.0186087453127233
0.000690192079873784,0.000960518122193694,0.00135150906212771,0.00199746051772275,0.0034264938643696,0.00540242073208668,0.01324966,0.018568765495315
0.000688590270882362,0.00095828950701269,0.00134837535880204,0.00199283398127391,0.00341858263623327,0.00539002128793785,0.013220298,0.0185287856779067
0.00068698846189094,0.000956060891831687,0.00134524165547637,0.00198820744482506,0.00341067140809695,0.00537762184378902,0.013190936,0.0184888058604984
0.000685386652899518,0.000953832276650683,0.0013421079521507,0.00198358090837622,0.00340276017996062,0.00536522239964018,0.013161574,0.0184488260430901
0.000683784843908097,0.000951603661469679,0.00133897424882502,0.00197895437192737,0.00339484895182429,0.00535282295549135,0.013132212,0.0184088462256818
0.000682183034916675,0.000949375046288676,0.00133584054549935,0.00197432783547852,0.00338693772368797,0.00534042351134252,0.01310285,0.0183688664082735
0.000680581225925253,0.000947146431107672,0.00133270684217368,0.00196970129902968,0.00337902649555164,0.00532802406719369,0.013073488,0.0183288865908652
0.000678979416933831,0.000944917815926668,0.001329573138848,0.00196507476258083,0.00337111526741531,0.00531562462304486,0.013044126,0.018288906773457
0.000677377607942409,0.000942689200745665,0.00132643943552233,0.00196044822613199,0.00336320403927899,0.00530322517889602,0.013014764,0.0182489269560487
0.000675775798950987,0.000940460585564661,0.00132330573219666,0.00195582168968314,0.00335529281114266,0.00529082573474719,0.012985402,0.0182089471386404
0.000674173989959565,0.000938231970383657,0.00132017202887099,0.00195119515323429,0.00334738158300634,0.00527842629059836,0.01295604,0.0181689673212321
0.000672572180968143,0.000936003355202654,0.00131703832554531,0.00194656861678545,0.00333947035487001,0.00526602684644953,0.012926678,0.0181289875038238
0.000670970371976721,0.00093377474002165,0.00131390462221964,0.0019419420803366,0.00333155912673368,0.0052536274023007,0.012897316,0.0180890076864155
0.0006693685629853,0.000931546124840646,0.00131077091889397,0.00193731554388776,0.00332364789859736,0.00524122795815187,0.012867954,0.0180490278690072
0.000667766753993878,0.000929317509659643,0.00130763721556829,0.00193268900743891,0.00331573667046103,0.00522882851400303,0.012838592,0.0180090480515989
0.000666164945002456,0.000927088894478639,0.00130450351224262,0.00192806247099006,0.0033078254423247,0.0052164290698542,0.01280923,0.0179690682341907
0.000664563136011034,0.000924860279297635,0.00130136980891695,0.00192343593454122,0.00329991421418838,0.00520402962570537,0.012779868,0.0179290884167824
0.000662961327019612,0.000922631664116632,0.00129823610559128,0.00191880939809237,0.00329200298605205,0.00519163018155654,0.012750506,0.0178891085993741
0.00066135951802819,0.000920403048935628,0.0012951024022656,0.00191418286164353,0.00328409175791573,0.00517923073740771,0.012721144,0.0178491287819658
0.000659757709036768,0.000918174433754624,0.00129196869893993,0.00190955632519468,0.0032761805297794,0.00516683129325887,0.012691782,0.0178091489645575
0.000658155900045346,0.000915945818573621,0.00128883499561426,0.00190492978874583,0.00326826930164307,0.00515443184911004,0.01266242,0.0177691691471492
0.000656554091053925,0.000913717203392617,0.00128570129228858,0.00190030325229699,0.00326035807350675,0.00514203240496121,0.012633058,0.0177291893297409
0.000654952282062503,0.000911488588211613,0.00128256758896291,0.00189567671584814,0.00325244684537042,0.00512963296081238,0.012603696,0.0176892095123326
0.000653350473071081,0.00090925997303061,0.00127943388563724,0.0018910501793993,0.00324453561723409,0.00511723351666355,0.012574334,0.0176492296949244
0.000651748664079659,0.000907031357849606,0.00127630018231156,0.00188642364295045,0.00323662438909777,0.00510483407251472,0.012544972,0.0176092498775161
0.000650146855088237,0.000904802742668602,0.00127316647898589,0.00188179710650161,0.00322871316096144,0.00509243462836588,0.01251561,0.0175692700601078
0.000648545046096815,0.000902574127487599,0.00127003277566022,0.00187717057005276,0.00322080193282512,0.00508003518421705,0.012486248,0.0175292902426995
0.000646943237105393,0.000900345512306595,0.00126689907233455,0.00187254403360391,0.00321289070468879,0.00506763574006822,0.012456886,0.0174893104252912
0.000645341428113971,0.000898116897125591,0.00126376536900887,0.00186791749715507,0.00320497947655246,0.00505523629591939,0.012427524,0.0174493306078829
0.000643739619122549,0.000895888281944588,0.0012606316656832,0.00186329096070622,0.00319706824841614,0.00504283685177056,0.012398162,0.0174093507904746
0.000642137810131128,0.000893659666763584,0.00125749796235753,0.00185866442425738,0.00318915702027981,0.00503043740762173,0.0123688,0.0173693709730663
